<?xml version="1.0" encoding="UTF-8"?>

<beans xmlns="http://www.springframework.org/schema/beans"
    xmlns:xsi="http://www.w3.org/2001/XMLSchema-instance" xmlns:context="http://www.springframework.org/schema/context"
    xmlns:aop="http://www.springframework.org/schema/aop"
    xsi:schemaLocation="http://www.springframework.org/schema/beans
    http://www.springframework.org/schema/beans/spring-beans-3.0.xsd
    http://www.springframework.org/schema/context
    http://www.springframework.org/schema/context/spring-context-3.0.xsd
    http://www.springframework.org/schema/aop 
    http://www.springframework.org/schema/aop/spring-aop-3.0.xsd
    ">
 
   <bean class="com.hospital.Hospital" name="hospital" init-method="init" destroy-method="destroy">
   
 
   </bean>
   
   <bean class="com.hospital.Patient" name="p">
  
  <property name="name">
  
 		 <map>
            <entry key = "1" value = "kiran"/>
            <entry key = "2" value = "nayan"/>
            <entry key = "3" value = "ayan"/>
            <entry key = "4" value = "siman"/>
         </map>
  
  </property>
   
   </bean>
   
 
   
   
   <bean class="com.hospital.Doctor" name="d">
  
   </bean>
   
   
   
   
   
   
   
</beans>
 